{
    ".meta-data": {
        "date-generated": "2012-12-20 15:44:10-08:00", 
        "description": "/* ----------------------------------------------------------------------------\n * Version 0\n * ----------------------------------------------------------------------------\n * Hopefully the add-hoc conventions are clear enough...  I didn't feel like\n * investing the time in making it a real JSON Schema when there aren't many\n * validators, and the most current completed draft at the moment (draft 3) is\n * expired...\n * ----------------------------------------------------------------------------\n * Please note that in general, fields may be added without changing the\n * version number, and that programs using this format are not required to fill\n * (or read) any of the given fields.\n * ------------------------------------------------------------------------- */\n\nvar ui_info = {\n    \".meta-data\": {                    // for the JSON file\n        \"version\": \"<number>\",\n        \"date-generated\": \"<string>\",  // format: RFC 3339\n\t\t\"description\": \"<string>\",\n    },\n    \"keyboard-functions\": {\n        \"<(function name)>\": {\n            \"position\": \"<number>\",  // as given by the .map file\n            \"length\": \"<number>\",    // as given by the .map file\n            \"comments\": {\n                \"name\": \"<string>\",  // more user friendly name\n                \"description\": \"<string>\",\n                \"notes\": [\n                    \"<string>\",\n                    \"...\"\n                ],\n                \"...\"\n            }\n        },\n        \"...\"\n    },\n    \"layout-matrices\": {\n        \"<(matrix name)>\": {\n            \"position\": \"<number>\",  // as given by the .map file\n            \"length\": \"<number>\"     // as given by the .map file\n        },\n        \"...\"\n    },\n    \"mappings\": {\n        /* \n         * The mappings prefixed with 'matrix' have their elements in the same\n         * order as the .hex file (whatever order that is).  The mappings\n         * prefixed with 'physical' will have their elements in an order\n         * corresponding to thier physical position on the keyboard.  You can\n         * convert between the two using the relative positions of the key-ids\n         * in 'physical-positions' and 'matrix-positions'.\n         *\n         * The current order of 'physical' mappings is:\n         * --------------------------------------------\n         * // left hand, spatial positions\n         * 00, 01, 02, 03, 04, 05, 06,\n         * 07, 08, 09, 10, 11, 12, 13,\n         * 14, 15, 16, 17, 18, 19,\n         * 20, 21, 22, 23, 24, 25, 26,\n         * 27, 28, 29, 30, 31,\n         *                     32, 33,\n         *                     34, 35, 36,\n         *                     37, 38, 39,\n\n         * // right hand, spatial positions\n         *     40, 41, 42, 43, 44, 45, 46,\n         *     47, 48, 49, 50, 51, 52, 53,\n         *         54, 55, 56, 57, 58, 59,\n         *     60, 61, 62, 63, 64, 65, 66,\n         *             67, 68, 69, 70, 71,\n         *     72, 73,\n         * 74, 75, 76,\n         * 77, 78, 79,\n         * --------------------------------------------\n         */\n\n        \"physical-positions\": [  // list of key-ids\n            \"<string>\", \"...\"\n        ],\n        \"matrix-positions\": [    // list of key-ids\n            \"<string>\", \"...\"\n        ],\n        \"matrix-layout\": [\n            [  // begin layer\n                [  // begin key\n                    \"<number>\",  // keycode\n                    \"<string>\",  // press function name (ex: 'kbfun_...')\n                    \"<string>\"   // release function name (ex: 'NULL')\n                ],\n                \"...\"  // more keys\n            ],\n            \"...\"  // more layers\n        ]\n    },\n    \"miscellaneous\": {\n        \"git-commit-date\": \"<string>\",  // format: RFC 3339\n        \"git-commit-id\": \"<string>\",\n        \"number-of-layers\": \"<number>\"\n    }\n}", 
        "version": 0
    }, 
    "keyboard-functions": {
        "kbfun_2_keys_capslock_press_release": {
            "comments": {
                "description": "When assigned to two keys (e.g. the physical left and right shift keys) (in both the press and release matrices), pressing and holding down one of the keys will make the second key toggle capslock", 
                "name": "Two keys => capslock", 
                "notes": [
                    "If either of the shifts are pressed when the second key is pressed, they wil be released so that capslock will register properly when pressed.  Capslock will then be pressed and released, and the original state of the shifts will be restored"
                ]
            }, 
            "length": 168, 
            "position": 7886
        }, 
        "kbfun_jump_to_bootloader": {
            "comments": {
                "description": "For reflashing the controller", 
                "name": "Jump to Bootloader"
            }, 
            "length": 100, 
            "position": 7760
        }, 
        "kbfun_layer_pop_1": {
            "comments": {
                "description": "Pop the layer element created by the corresponding \"layer push\" function out of the layer stack (no matter where it is in the stack, without touching any other elements)", 
                "name": "Layer pop #1"
            }, 
            "length": 4, 
            "position": 7684
        }, 
        "kbfun_layer_pop_10": {
            "comments": {
                "description": "Pop the layer element created by the corresponding \"layer push\" function out of the layer stack (no matter where it is in the stack, without touching any other elements)", 
                "name": "Layer pop #10"
            }, 
            "length": 4, 
            "position": 7756
        }, 
        "kbfun_layer_pop_2": {
            "comments": {
                "description": "Pop the layer element created by the corresponding \"layer push\" function out of the layer stack (no matter where it is in the stack, without touching any other elements)", 
                "name": "Layer pop #2"
            }, 
            "length": 4, 
            "position": 7692
        }, 
        "kbfun_layer_pop_3": {
            "comments": {
                "description": "Pop the layer element created by the corresponding \"layer push\" function out of the layer stack (no matter where it is in the stack, without touching any other elements)", 
                "name": "Layer pop #3"
            }, 
            "length": 4, 
            "position": 7700
        }, 
        "kbfun_layer_pop_4": {
            "comments": {
                "description": "Pop the layer element created by the corresponding \"layer push\" function out of the layer stack (no matter where it is in the stack, without touching any other elements)", 
                "name": "Layer pop #4"
            }, 
            "length": 4, 
            "position": 7708
        }, 
        "kbfun_layer_pop_5": {
            "comments": {
                "description": "Pop the layer element created by the corresponding \"layer push\" function out of the layer stack (no matter where it is in the stack, without touching any other elements)", 
                "name": "Layer pop #5"
            }, 
            "length": 4, 
            "position": 7716
        }, 
        "kbfun_layer_pop_6": {
            "comments": {
                "description": "Pop the layer element created by the corresponding \"layer push\" function out of the layer stack (no matter where it is in the stack, without touching any other elements)", 
                "name": "Layer pop #6"
            }, 
            "length": 4, 
            "position": 7724
        }, 
        "kbfun_layer_pop_7": {
            "comments": {
                "description": "Pop the layer element created by the corresponding \"layer push\" function out of the layer stack (no matter where it is in the stack, without touching any other elements)", 
                "name": "Layer pop #7"
            }, 
            "length": 4, 
            "position": 7732
        }, 
        "kbfun_layer_pop_8": {
            "comments": {
                "description": "Pop the layer element created by the corresponding \"layer push\" function out of the layer stack (no matter where it is in the stack, without touching any other elements)", 
                "name": "Layer pop #8"
            }, 
            "length": 4, 
            "position": 7740
        }, 
        "kbfun_layer_pop_9": {
            "comments": {
                "description": "Pop the layer element created by the corresponding \"layer push\" function out of the layer stack (no matter where it is in the stack, without touching any other elements)", 
                "name": "Layer pop #9"
            }, 
            "length": 4, 
            "position": 7748
        }, 
        "kbfun_layer_pop_numpad": {
            "comments": {
                "description": "Set the numpad to off (pop the layer element created by \"numpad on\" out of the stack) and toggle numlock (regardless of whether or not numlock is currently on)", 
                "name": "Numpad off", 
                "notes": [
                    "Meant to be assigned (along with \"numpad on\") instead of a normal numlock key"
                ]
            }, 
            "length": 12, 
            "position": 8114
        }, 
        "kbfun_layer_push_1": {
            "comments": {
                "description": "Push a layer element containing the layer value specified in the keymap to the top of the stack, and record the id of that layer element", 
                "name": "Layer push #1"
            }, 
            "length": 4, 
            "position": 7680
        }, 
        "kbfun_layer_push_10": {
            "comments": {
                "description": "Push a layer element containing the layer value specified in the keymap to the top of the stack, and record the id of that layer element", 
                "name": "Layer push #10"
            }, 
            "length": 4, 
            "position": 7752
        }, 
        "kbfun_layer_push_2": {
            "comments": {
                "description": "Push a layer element containing the layer value specified in the keymap to the top of the stack, and record the id of that layer element", 
                "name": "Layer push #2"
            }, 
            "length": 4, 
            "position": 7688
        }, 
        "kbfun_layer_push_3": {
            "comments": {
                "description": "Push a layer element containing the layer value specified in the keymap to the top of the stack, and record the id of that layer element", 
                "name": "Layer push #3"
            }, 
            "length": 4, 
            "position": 7696
        }, 
        "kbfun_layer_push_4": {
            "comments": {
                "description": "Push a layer element containing the layer value specified in the keymap to the top of the stack, and record the id of that layer element", 
                "name": "Layer push #4"
            }, 
            "length": 4, 
            "position": 7704
        }, 
        "kbfun_layer_push_5": {
            "comments": {
                "description": "Push a layer element containing the layer value specified in the keymap to the top of the stack, and record the id of that layer element", 
                "name": "Layer push #5"
            }, 
            "length": 4, 
            "position": 7712
        }, 
        "kbfun_layer_push_6": {
            "comments": {
                "description": "Push a layer element containing the layer value specified in the keymap to the top of the stack, and record the id of that layer element", 
                "name": "Layer push #6"
            }, 
            "length": 4, 
            "position": 7720
        }, 
        "kbfun_layer_push_7": {
            "comments": {
                "description": "Push a layer element containing the layer value specified in the keymap to the top of the stack, and record the id of that layer element", 
                "name": "Layer push #7"
            }, 
            "length": 4, 
            "position": 7728
        }, 
        "kbfun_layer_push_8": {
            "comments": {
                "description": "Push a layer element containing the layer value specified in the keymap to the top of the stack, and record the id of that layer element", 
                "name": "Layer push #8"
            }, 
            "length": 4, 
            "position": 7736
        }, 
        "kbfun_layer_push_9": {
            "comments": {
                "description": "Push a layer element containing the layer value specified in the keymap to the top of the stack, and record the id of that layer element", 
                "name": "Layer push #9"
            }, 
            "length": 4, 
            "position": 7744
        }, 
        "kbfun_layer_push_numpad": {
            "comments": {
                "description": "Set the numpad to on (put the numpad layer, specified in the keymap, in an element at the top of the layer stack, and record that element's id) and toggle numlock (regardless of whether or not numlock is currently on)", 
                "name": "Numpad on", 
                "notes": [
                    "Meant to be assigned (along with \"numpad off\") instead of a normal numlock key"
                ]
            }, 
            "length": 60, 
            "position": 8054
        }, 
        "kbfun_press_release": {
            "comments": {
                "description": "Generate a normal keypress or keyrelease", 
                "name": "Press|Release"
            }, 
            "length": 46, 
            "position": 7514
        }, 
        "kbfun_shift_press_release": {
            "comments": {
                "description": "Generate a 'shift' press or release before the normal keypress or keyrelease", 
                "name": "Shift + press|release"
            }, 
            "length": 10, 
            "position": 7876
        }, 
        "kbfun_toggle": {
            "comments": {
                "description": "Toggle the key pressed or unpressed", 
                "name": "Toggle"
            }, 
            "length": 76, 
            "position": 7560
        }, 
        "kbfun_transparent": {
            "comments": {
                "description": "Execute the key that would have been executed if the current layer was not active", 
                "name": "Transparent"
            }, 
            "length": 44, 
            "position": 7636
        }
    }, 
    "layout-matrices": {
        "_kb_layout": {
            "length": 840, 
            "position": 3532
        }, 
        "_kb_layout_press": {
            "length": 1680, 
            "position": 1852
        }, 
        "_kb_layout_release": {
            "length": 1680, 
            "position": 172
        }
    }, 
    "mappings": {
        "matrix-layout": [
            [
                [
                    0, 
                    "NULL", 
                    "NULL"
                ], 
                [
                    77, 
                    "kbfun_press_release", 
                    "kbfun_press_release"
                ], 
                [
                    76, 
                    "kbfun_press_release", 
                    "kbfun_press_release"
                ], 
                [
                    42, 
                    "kbfun_press_release", 
                    "kbfun_press_release"
                ], 
                [
                    74, 
                    "kbfun_press_release", 
                    "kbfun_press_release"
                ], 
                [
                    224, 
                    "kbfun_press_release", 
                    "kbfun_press_release"
                ], 
                [
                    226, 
                    "kbfun_press_release", 
                    "kbfun_press_release"
                ], 
                [
                    230, 
                    "kbfun_press_release", 
                    "kbfun_press_release"
                ], 
                [
                    228, 
                    "kbfun_press_release", 
                    "kbfun_press_release"
                ], 
                [
                    75, 
                    "kbfun_press_release", 
                    "kbfun_press_release"
                ], 
                [
                    44, 
                    "kbfun_press_release", 
                    "kbfun_press_release"
                ], 
                [
                    40, 
                    "kbfun_press_release", 
                    "kbfun_press_release"
                ], 
                [
                    78, 
                    "kbfun_press_release", 
                    "kbfun_press_release"
                ], 
                [
                    0, 
                    "NULL", 
                    "NULL"
                ], 
                [
                    227, 
                    "kbfun_press_release", 
                    "kbfun_press_release"
                ], 
                [
                    53, 
                    "kbfun_press_release", 
                    "kbfun_press_release"
                ], 
                [
                    49, 
                    "kbfun_press_release", 
                    "kbfun_press_release"
                ], 
                [
                    80, 
                    "kbfun_press_release", 
                    "kbfun_press_release"
                ], 
                [
                    79, 
                    "kbfun_press_release", 
                    "kbfun_press_release"
                ], 
                [
                    0, 
                    "NULL", 
                    "NULL"
                ], 
                [
                    0, 
                    "NULL", 
                    "NULL"
                ], 
                [
                    0, 
                    "NULL", 
                    "NULL"
                ], 
                [
                    0, 
                    "NULL", 
                    "NULL"
                ], 
                [
                    80, 
                    "kbfun_press_release", 
                    "kbfun_press_release"
                ], 
                [
                    81, 
                    "kbfun_press_release", 
                    "kbfun_press_release"
                ], 
                [
                    82, 
                    "kbfun_press_release", 
                    "kbfun_press_release"
                ], 
                [
                    79, 
                    "kbfun_press_release", 
                    "kbfun_press_release"
                ], 
                [
                    231, 
                    "kbfun_press_release", 
                    "kbfun_press_release"
                ], 
                [
                    225, 
                    "kbfun_2_keys_capslock_press_release", 
                    "kbfun_2_keys_capslock_press_release"
                ], 
                [
                    29, 
                    "kbfun_press_release", 
                    "kbfun_press_release"
                ], 
                [
                    27, 
                    "kbfun_press_release", 
                    "kbfun_press_release"
                ], 
                [
                    6, 
                    "kbfun_press_release", 
                    "kbfun_press_release"
                ], 
                [
                    25, 
                    "kbfun_press_release", 
                    "kbfun_press_release"
                ], 
                [
                    5, 
                    "kbfun_press_release", 
                    "kbfun_press_release"
                ], 
                [
                    1, 
                    "kbfun_layer_push_1", 
                    "kbfun_layer_pop_1"
                ], 
                [
                    1, 
                    "kbfun_layer_push_1", 
                    "kbfun_layer_pop_1"
                ], 
                [
                    17, 
                    "kbfun_press_release", 
                    "kbfun_press_release"
                ], 
                [
                    16, 
                    "kbfun_press_release", 
                    "kbfun_press_release"
                ], 
                [
                    54, 
                    "kbfun_press_release", 
                    "kbfun_press_release"
                ], 
                [
                    55, 
                    "kbfun_press_release", 
                    "kbfun_press_release"
                ], 
                [
                    56, 
                    "kbfun_press_release", 
                    "kbfun_press_release"
                ], 
                [
                    229, 
                    "kbfun_2_keys_capslock_press_release", 
                    "kbfun_2_keys_capslock_press_release"
                ], 
                [
                    43, 
                    "kbfun_press_release", 
                    "kbfun_press_release"
                ], 
                [
                    4, 
                    "kbfun_press_release", 
                    "kbfun_press_release"
                ], 
                [
                    22, 
                    "kbfun_press_release", 
                    "kbfun_press_release"
                ], 
                [
                    7, 
                    "kbfun_press_release", 
                    "kbfun_press_release"
                ], 
                [
                    9, 
                    "kbfun_press_release", 
                    "kbfun_press_release"
                ], 
                [
                    10, 
                    "kbfun_press_release", 
                    "kbfun_press_release"
                ], 
                [
                    0, 
                    "NULL", 
                    "NULL"
                ], 
                [
                    0, 
                    "NULL", 
                    "NULL"
                ], 
                [
                    11, 
                    "kbfun_press_release", 
                    "kbfun_press_release"
                ], 
                [
                    13, 
                    "kbfun_press_release", 
                    "kbfun_press_release"
                ], 
                [
                    14, 
                    "kbfun_press_release", 
                    "kbfun_press_release"
                ], 
                [
                    15, 
                    "kbfun_press_release", 
                    "kbfun_press_release"
                ], 
                [
                    51, 
                    "kbfun_press_release", 
                    "kbfun_press_release"
                ], 
                [
                    52, 
                    "kbfun_press_release", 
                    "kbfun_press_release"
                ], 
                [
                    49, 
                    "kbfun_press_release", 
                    "kbfun_press_release"
                ], 
                [
                    20, 
                    "kbfun_press_release", 
                    "kbfun_press_release"
                ], 
                [
                    26, 
                    "kbfun_press_release", 
                    "kbfun_press_release"
                ], 
                [
                    8, 
                    "kbfun_press_release", 
                    "kbfun_press_release"
                ], 
                [
                    21, 
                    "kbfun_press_release", 
                    "kbfun_press_release"
                ], 
                [
                    23, 
                    "kbfun_press_release", 
                    "kbfun_press_release"
                ], 
                [
                    1, 
                    "kbfun_layer_push_1", 
                    "NULL"
                ], 
                [
                    47, 
                    "kbfun_press_release", 
                    "kbfun_press_release"
                ], 
                [
                    28, 
                    "kbfun_press_release", 
                    "kbfun_press_release"
                ], 
                [
                    24, 
                    "kbfun_press_release", 
                    "kbfun_press_release"
                ], 
                [
                    12, 
                    "kbfun_press_release", 
                    "kbfun_press_release"
                ], 
                [
                    18, 
                    "kbfun_press_release", 
                    "kbfun_press_release"
                ], 
                [
                    19, 
                    "kbfun_press_release", 
                    "kbfun_press_release"
                ], 
                [
                    48, 
                    "kbfun_press_release", 
                    "kbfun_press_release"
                ], 
                [
                    46, 
                    "kbfun_press_release", 
                    "kbfun_press_release"
                ], 
                [
                    30, 
                    "kbfun_press_release", 
                    "kbfun_press_release"
                ], 
                [
                    31, 
                    "kbfun_press_release", 
                    "kbfun_press_release"
                ], 
                [
                    32, 
                    "kbfun_press_release", 
                    "kbfun_press_release"
                ], 
                [
                    33, 
                    "kbfun_press_release", 
                    "kbfun_press_release"
                ], 
                [
                    34, 
                    "kbfun_press_release", 
                    "kbfun_press_release"
                ], 
                [
                    41, 
                    "kbfun_press_release", 
                    "kbfun_press_release"
                ], 
                [
                    3, 
                    "kbfun_layer_push_numpad", 
                    "NULL"
                ], 
                [
                    35, 
                    "kbfun_press_release", 
                    "kbfun_press_release"
                ], 
                [
                    36, 
                    "kbfun_press_release", 
                    "kbfun_press_release"
                ], 
                [
                    37, 
                    "kbfun_press_release", 
                    "kbfun_press_release"
                ], 
                [
                    38, 
                    "kbfun_press_release", 
                    "kbfun_press_release"
                ], 
                [
                    39, 
                    "kbfun_press_release", 
                    "kbfun_press_release"
                ], 
                [
                    45, 
                    "kbfun_press_release", 
                    "kbfun_press_release"
                ]
            ], 
            [
                [
                    0, 
                    "NULL", 
                    "NULL"
                ], 
                [
                    0, 
                    "kbfun_transparent", 
                    "kbfun_transparent"
                ], 
                [
                    0, 
                    "kbfun_transparent", 
                    "kbfun_transparent"
                ], 
                [
                    0, 
                    "kbfun_transparent", 
                    "kbfun_transparent"
                ], 
                [
                    0, 
                    "kbfun_transparent", 
                    "kbfun_transparent"
                ], 
                [
                    0, 
                    "kbfun_transparent", 
                    "kbfun_transparent"
                ], 
                [
                    0, 
                    "kbfun_transparent", 
                    "kbfun_transparent"
                ], 
                [
                    0, 
                    "kbfun_transparent", 
                    "kbfun_transparent"
                ], 
                [
                    0, 
                    "kbfun_transparent", 
                    "kbfun_transparent"
                ], 
                [
                    0, 
                    "kbfun_transparent", 
                    "kbfun_transparent"
                ], 
                [
                    0, 
                    "kbfun_transparent", 
                    "kbfun_transparent"
                ], 
                [
                    0, 
                    "kbfun_transparent", 
                    "kbfun_transparent"
                ], 
                [
                    0, 
                    "kbfun_transparent", 
                    "kbfun_transparent"
                ], 
                [
                    0, 
                    "NULL", 
                    "NULL"
                ], 
                [
                    0, 
                    "kbfun_transparent", 
                    "kbfun_transparent"
                ], 
                [
                    0, 
                    "kbfun_transparent", 
                    "kbfun_transparent"
                ], 
                [
                    0, 
                    "kbfun_transparent", 
                    "kbfun_transparent"
                ], 
                [
                    0, 
                    "kbfun_transparent", 
                    "kbfun_transparent"
                ], 
                [
                    0, 
                    "kbfun_transparent", 
                    "kbfun_transparent"
                ], 
                [
                    0, 
                    "kbfun_transparent", 
                    "kbfun_transparent"
                ], 
                [
                    0, 
                    "kbfun_transparent", 
                    "kbfun_transparent"
                ], 
                [
                    0, 
                    "kbfun_transparent", 
                    "kbfun_transparent"
                ], 
                [
                    0, 
                    "kbfun_transparent", 
                    "kbfun_transparent"
                ], 
                [
                    0, 
                    "kbfun_transparent", 
                    "kbfun_transparent"
                ], 
                [
                    0, 
                    "kbfun_transparent", 
                    "kbfun_transparent"
                ], 
                [
                    0, 
                    "kbfun_transparent", 
                    "kbfun_transparent"
                ], 
                [
                    0, 
                    "kbfun_transparent", 
                    "kbfun_transparent"
                ], 
                [
                    0, 
                    "kbfun_transparent", 
                    "kbfun_transparent"
                ], 
                [
                    0, 
                    "kbfun_transparent", 
                    "kbfun_transparent"
                ], 
                [
                    94, 
                    "kbfun_press_release", 
                    "kbfun_press_release"
                ], 
                [
                    95, 
                    "kbfun_press_release", 
                    "kbfun_press_release"
                ], 
                [
                    96, 
                    "kbfun_press_release", 
                    "kbfun_press_release"
                ], 
                [
                    97, 
                    "kbfun_press_release", 
                    "kbfun_press_release"
                ], 
                [
                    46, 
                    "kbfun_shift_press_release", 
                    "kbfun_shift_press_release"
                ], 
                [
                    2, 
                    "kbfun_layer_push_2", 
                    "kbfun_layer_pop_2"
                ], 
                [
                    2, 
                    "kbfun_layer_push_2", 
                    "kbfun_layer_pop_2"
                ], 
                [
                    37, 
                    "kbfun_shift_press_release", 
                    "kbfun_shift_press_release"
                ], 
                [
                    90, 
                    "kbfun_press_release", 
                    "kbfun_press_release"
                ], 
                [
                    91, 
                    "kbfun_press_release", 
                    "kbfun_press_release"
                ], 
                [
                    92, 
                    "kbfun_press_release", 
                    "kbfun_press_release"
                ], 
                [
                    93, 
                    "kbfun_press_release", 
                    "kbfun_press_release"
                ], 
                [
                    127, 
                    "kbfun_press_release", 
                    "kbfun_press_release"
                ], 
                [
                    0, 
                    "kbfun_transparent", 
                    "kbfun_transparent"
                ], 
                [
                    51, 
                    "kbfun_press_release", 
                    "kbfun_press_release"
                ], 
                [
                    56, 
                    "kbfun_press_release", 
                    "kbfun_press_release"
                ], 
                [
                    45, 
                    "kbfun_press_release", 
                    "kbfun_press_release"
                ], 
                [
                    98, 
                    "kbfun_press_release", 
                    "kbfun_press_release"
                ], 
                [
                    51, 
                    "kbfun_shift_press_release", 
                    "kbfun_shift_press_release"
                ], 
                [
                    0, 
                    "NULL", 
                    "NULL"
                ], 
                [
                    0, 
                    "NULL", 
                    "NULL"
                ], 
                [
                    49, 
                    "kbfun_press_release", 
                    "kbfun_press_release"
                ], 
                [
                    89, 
                    "kbfun_press_release", 
                    "kbfun_press_release"
                ], 
                [
                    38, 
                    "kbfun_shift_press_release", 
                    "kbfun_shift_press_release"
                ], 
                [
                    39, 
                    "kbfun_shift_press_release", 
                    "kbfun_shift_press_release"
                ], 
                [
                    46, 
                    "kbfun_shift_press_release", 
                    "kbfun_shift_press_release"
                ], 
                [
                    129, 
                    "kbfun_press_release", 
                    "kbfun_press_release"
                ], 
                [
                    0, 
                    "kbfun_transparent", 
                    "kbfun_transparent"
                ], 
                [
                    47, 
                    "kbfun_shift_press_release", 
                    "kbfun_shift_press_release"
                ], 
                [
                    48, 
                    "kbfun_shift_press_release", 
                    "kbfun_shift_press_release"
                ], 
                [
                    47, 
                    "kbfun_press_release", 
                    "kbfun_press_release"
                ], 
                [
                    48, 
                    "kbfun_press_release", 
                    "kbfun_press_release"
                ], 
                [
                    0, 
                    "NULL", 
                    "NULL"
                ], 
                [
                    1, 
                    "kbfun_layer_pop_1", 
                    "NULL"
                ], 
                [
                    0, 
                    "kbfun_transparent", 
                    "kbfun_transparent"
                ], 
                [
                    0, 
                    "NULL", 
                    "NULL"
                ], 
                [
                    45, 
                    "kbfun_press_release", 
                    "kbfun_press_release"
                ], 
                [
                    54, 
                    "kbfun_shift_press_release", 
                    "kbfun_shift_press_release"
                ], 
                [
                    55, 
                    "kbfun_shift_press_release", 
                    "kbfun_shift_press_release"
                ], 
                [
                    180, 
                    "kbfun_press_release", 
                    "kbfun_press_release"
                ], 
                [
                    128, 
                    "kbfun_press_release", 
                    "kbfun_press_release"
                ], 
                [
                    0, 
                    "NULL", 
                    "NULL"
                ], 
                [
                    58, 
                    "kbfun_press_release", 
                    "kbfun_press_release"
                ], 
                [
                    59, 
                    "kbfun_press_release", 
                    "kbfun_press_release"
                ], 
                [
                    60, 
                    "kbfun_press_release", 
                    "kbfun_press_release"
                ], 
                [
                    61, 
                    "kbfun_press_release", 
                    "kbfun_press_release"
                ], 
                [
                    62, 
                    "kbfun_press_release", 
                    "kbfun_press_release"
                ], 
                [
                    68, 
                    "kbfun_press_release", 
                    "kbfun_press_release"
                ], 
                [
                    69, 
                    "kbfun_press_release", 
                    "kbfun_press_release"
                ], 
                [
                    63, 
                    "kbfun_press_release", 
                    "kbfun_press_release"
                ], 
                [
                    64, 
                    "kbfun_press_release", 
                    "kbfun_press_release"
                ], 
                [
                    65, 
                    "kbfun_press_release", 
                    "kbfun_press_release"
                ], 
                [
                    66, 
                    "kbfun_press_release", 
                    "kbfun_press_release"
                ], 
                [
                    67, 
                    "kbfun_press_release", 
                    "kbfun_press_release"
                ], 
                [
                    102, 
                    "kbfun_press_release", 
                    "kbfun_press_release"
                ]
            ], 
            [
                [
                    0, 
                    "NULL", 
                    "NULL"
                ], 
                [
                    0, 
                    "NULL", 
                    "NULL"
                ], 
                [
                    0, 
                    "NULL", 
                    "NULL"
                ], 
                [
                    0, 
                    "NULL", 
                    "NULL"
                ], 
                [
                    0, 
                    "NULL", 
                    "NULL"
                ], 
                [
                    0, 
                    "NULL", 
                    "NULL"
                ], 
                [
                    0, 
                    "NULL", 
                    "NULL"
                ], 
                [
                    0, 
                    "NULL", 
                    "NULL"
                ], 
                [
                    0, 
                    "NULL", 
                    "NULL"
                ], 
                [
                    0, 
                    "NULL", 
                    "NULL"
                ], 
                [
                    0, 
                    "NULL", 
                    "NULL"
                ], 
                [
                    0, 
                    "NULL", 
                    "NULL"
                ], 
                [
                    0, 
                    "NULL", 
                    "NULL"
                ], 
                [
                    0, 
                    "NULL", 
                    "NULL"
                ], 
                [
                    0, 
                    "NULL", 
                    "NULL"
                ], 
                [
                    0, 
                    "NULL", 
                    "NULL"
                ], 
                [
                    0, 
                    "NULL", 
                    "NULL"
                ], 
                [
                    0, 
                    "NULL", 
                    "NULL"
                ], 
                [
                    0, 
                    "NULL", 
                    "NULL"
                ], 
                [
                    0, 
                    "NULL", 
                    "NULL"
                ], 
                [
                    0, 
                    "NULL", 
                    "NULL"
                ], 
                [
                    0, 
                    "NULL", 
                    "NULL"
                ], 
                [
                    0, 
                    "NULL", 
                    "NULL"
                ], 
                [
                    0, 
                    "NULL", 
                    "NULL"
                ], 
                [
                    0, 
                    "NULL", 
                    "NULL"
                ], 
                [
                    0, 
                    "NULL", 
                    "NULL"
                ], 
                [
                    0, 
                    "NULL", 
                    "NULL"
                ], 
                [
                    0, 
                    "NULL", 
                    "NULL"
                ], 
                [
                    0, 
                    "NULL", 
                    "NULL"
                ], 
                [
                    0, 
                    "NULL", 
                    "NULL"
                ], 
                [
                    0, 
                    "NULL", 
                    "NULL"
                ], 
                [
                    0, 
                    "NULL", 
                    "NULL"
                ], 
                [
                    0, 
                    "NULL", 
                    "NULL"
                ], 
                [
                    0, 
                    "NULL", 
                    "NULL"
                ], 
                [
                    0, 
                    "NULL", 
                    "NULL"
                ], 
                [
                    0, 
                    "NULL", 
                    "NULL"
                ], 
                [
                    0, 
                    "NULL", 
                    "NULL"
                ], 
                [
                    0, 
                    "NULL", 
                    "NULL"
                ], 
                [
                    0, 
                    "NULL", 
                    "NULL"
                ], 
                [
                    0, 
                    "NULL", 
                    "NULL"
                ], 
                [
                    0, 
                    "NULL", 
                    "NULL"
                ], 
                [
                    0, 
                    "NULL", 
                    "NULL"
                ], 
                [
                    0, 
                    "NULL", 
                    "NULL"
                ], 
                [
                    0, 
                    "NULL", 
                    "NULL"
                ], 
                [
                    0, 
                    "NULL", 
                    "NULL"
                ], 
                [
                    0, 
                    "NULL", 
                    "NULL"
                ], 
                [
                    0, 
                    "NULL", 
                    "NULL"
                ], 
                [
                    0, 
                    "NULL", 
                    "NULL"
                ], 
                [
                    0, 
                    "NULL", 
                    "NULL"
                ], 
                [
                    0, 
                    "NULL", 
                    "NULL"
                ], 
                [
                    0, 
                    "NULL", 
                    "NULL"
                ], 
                [
                    0, 
                    "NULL", 
                    "NULL"
                ], 
                [
                    0, 
                    "NULL", 
                    "NULL"
                ], 
                [
                    0, 
                    "NULL", 
                    "NULL"
                ], 
                [
                    0, 
                    "NULL", 
                    "NULL"
                ], 
                [
                    0, 
                    "NULL", 
                    "NULL"
                ], 
                [
                    0, 
                    "NULL", 
                    "NULL"
                ], 
                [
                    0, 
                    "NULL", 
                    "NULL"
                ], 
                [
                    0, 
                    "NULL", 
                    "NULL"
                ], 
                [
                    0, 
                    "NULL", 
                    "NULL"
                ], 
                [
                    0, 
                    "NULL", 
                    "NULL"
                ], 
                [
                    0, 
                    "NULL", 
                    "NULL"
                ], 
                [
                    0, 
                    "NULL", 
                    "NULL"
                ], 
                [
                    0, 
                    "NULL", 
                    "NULL"
                ], 
                [
                    0, 
                    "NULL", 
                    "NULL"
                ], 
                [
                    0, 
                    "NULL", 
                    "NULL"
                ], 
                [
                    0, 
                    "NULL", 
                    "NULL"
                ], 
                [
                    0, 
                    "NULL", 
                    "NULL"
                ], 
                [
                    0, 
                    "NULL", 
                    "NULL"
                ], 
                [
                    0, 
                    "NULL", 
                    "NULL"
                ], 
                [
                    0, 
                    "kbfun_jump_to_bootloader", 
                    "NULL"
                ], 
                [
                    0, 
                    "NULL", 
                    "NULL"
                ], 
                [
                    0, 
                    "NULL", 
                    "NULL"
                ], 
                [
                    0, 
                    "NULL", 
                    "NULL"
                ], 
                [
                    0, 
                    "NULL", 
                    "NULL"
                ], 
                [
                    0, 
                    "NULL", 
                    "NULL"
                ], 
                [
                    0, 
                    "NULL", 
                    "NULL"
                ], 
                [
                    0, 
                    "NULL", 
                    "NULL"
                ], 
                [
                    0, 
                    "NULL", 
                    "NULL"
                ], 
                [
                    0, 
                    "NULL", 
                    "NULL"
                ], 
                [
                    0, 
                    "NULL", 
                    "NULL"
                ], 
                [
                    0, 
                    "NULL", 
                    "NULL"
                ], 
                [
                    0, 
                    "NULL", 
                    "NULL"
                ], 
                [
                    0, 
                    "NULL", 
                    "NULL"
                ]
            ], 
            [
                [
                    0, 
                    "NULL", 
                    "NULL"
                ], 
                [
                    0, 
                    "kbfun_transparent", 
                    "kbfun_transparent"
                ], 
                [
                    0, 
                    "kbfun_transparent", 
                    "kbfun_transparent"
                ], 
                [
                    0, 
                    "kbfun_transparent", 
                    "kbfun_transparent"
                ], 
                [
                    0, 
                    "kbfun_transparent", 
                    "kbfun_transparent"
                ], 
                [
                    0, 
                    "kbfun_transparent", 
                    "kbfun_transparent"
                ], 
                [
                    0, 
                    "kbfun_transparent", 
                    "kbfun_transparent"
                ], 
                [
                    0, 
                    "kbfun_transparent", 
                    "kbfun_transparent"
                ], 
                [
                    0, 
                    "kbfun_transparent", 
                    "kbfun_transparent"
                ], 
                [
                    0, 
                    "kbfun_transparent", 
                    "kbfun_transparent"
                ], 
                [
                    98, 
                    "kbfun_press_release", 
                    "kbfun_press_release"
                ], 
                [
                    0, 
                    "kbfun_transparent", 
                    "kbfun_transparent"
                ], 
                [
                    0, 
                    "kbfun_transparent", 
                    "kbfun_transparent"
                ], 
                [
                    0, 
                    "NULL", 
                    "NULL"
                ], 
                [
                    0, 
                    "kbfun_transparent", 
                    "kbfun_transparent"
                ], 
                [
                    73, 
                    "kbfun_press_release", 
                    "kbfun_press_release"
                ], 
                [
                    0, 
                    "kbfun_transparent", 
                    "kbfun_transparent"
                ], 
                [
                    0, 
                    "kbfun_transparent", 
                    "kbfun_transparent"
                ], 
                [
                    0, 
                    "kbfun_transparent", 
                    "kbfun_transparent"
                ], 
                [
                    0, 
                    "kbfun_transparent", 
                    "kbfun_transparent"
                ], 
                [
                    0, 
                    "kbfun_transparent", 
                    "kbfun_transparent"
                ], 
                [
                    0, 
                    "kbfun_transparent", 
                    "kbfun_transparent"
                ], 
                [
                    0, 
                    "kbfun_transparent", 
                    "kbfun_transparent"
                ], 
                [
                    0, 
                    "kbfun_transparent", 
                    "kbfun_transparent"
                ], 
                [
                    0, 
                    "kbfun_transparent", 
                    "kbfun_transparent"
                ], 
                [
                    55, 
                    "kbfun_press_release", 
                    "kbfun_press_release"
                ], 
                [
                    88, 
                    "kbfun_press_release", 
                    "kbfun_press_release"
                ], 
                [
                    0, 
                    "kbfun_transparent", 
                    "kbfun_transparent"
                ], 
                [
                    0, 
                    "kbfun_transparent", 
                    "kbfun_transparent"
                ], 
                [
                    0, 
                    "kbfun_transparent", 
                    "kbfun_transparent"
                ], 
                [
                    0, 
                    "kbfun_transparent", 
                    "kbfun_transparent"
                ], 
                [
                    0, 
                    "kbfun_transparent", 
                    "kbfun_transparent"
                ], 
                [
                    0, 
                    "kbfun_transparent", 
                    "kbfun_transparent"
                ], 
                [
                    0, 
                    "kbfun_transparent", 
                    "kbfun_transparent"
                ], 
                [
                    0, 
                    "kbfun_transparent", 
                    "kbfun_transparent"
                ], 
                [
                    0, 
                    "kbfun_transparent", 
                    "kbfun_transparent"
                ], 
                [
                    0, 
                    "kbfun_transparent", 
                    "kbfun_transparent"
                ], 
                [
                    89, 
                    "kbfun_press_release", 
                    "kbfun_press_release"
                ], 
                [
                    90, 
                    "kbfun_press_release", 
                    "kbfun_press_release"
                ], 
                [
                    91, 
                    "kbfun_press_release", 
                    "kbfun_press_release"
                ], 
                [
                    88, 
                    "kbfun_press_release", 
                    "kbfun_press_release"
                ], 
                [
                    0, 
                    "kbfun_transparent", 
                    "kbfun_transparent"
                ], 
                [
                    0, 
                    "kbfun_transparent", 
                    "kbfun_transparent"
                ], 
                [
                    0, 
                    "kbfun_transparent", 
                    "kbfun_transparent"
                ], 
                [
                    0, 
                    "kbfun_transparent", 
                    "kbfun_transparent"
                ], 
                [
                    0, 
                    "kbfun_transparent", 
                    "kbfun_transparent"
                ], 
                [
                    0, 
                    "kbfun_transparent", 
                    "kbfun_transparent"
                ], 
                [
                    0, 
                    "kbfun_transparent", 
                    "kbfun_transparent"
                ], 
                [
                    0, 
                    "NULL", 
                    "NULL"
                ], 
                [
                    0, 
                    "NULL", 
                    "NULL"
                ], 
                [
                    0, 
                    "kbfun_transparent", 
                    "kbfun_transparent"
                ], 
                [
                    92, 
                    "kbfun_press_release", 
                    "kbfun_press_release"
                ], 
                [
                    93, 
                    "kbfun_press_release", 
                    "kbfun_press_release"
                ], 
                [
                    94, 
                    "kbfun_press_release", 
                    "kbfun_press_release"
                ], 
                [
                    87, 
                    "kbfun_press_release", 
                    "kbfun_press_release"
                ], 
                [
                    0, 
                    "kbfun_transparent", 
                    "kbfun_transparent"
                ], 
                [
                    0, 
                    "kbfun_transparent", 
                    "kbfun_transparent"
                ], 
                [
                    0, 
                    "kbfun_transparent", 
                    "kbfun_transparent"
                ], 
                [
                    0, 
                    "kbfun_transparent", 
                    "kbfun_transparent"
                ], 
                [
                    0, 
                    "kbfun_transparent", 
                    "kbfun_transparent"
                ], 
                [
                    0, 
                    "kbfun_transparent", 
                    "kbfun_transparent"
                ], 
                [
                    0, 
                    "kbfun_transparent", 
                    "kbfun_transparent"
                ], 
                [
                    0, 
                    "kbfun_transparent", 
                    "kbfun_transparent"
                ], 
                [
                    0, 
                    "kbfun_transparent", 
                    "kbfun_transparent"
                ], 
                [
                    0, 
                    "kbfun_transparent", 
                    "kbfun_transparent"
                ], 
                [
                    95, 
                    "kbfun_press_release", 
                    "kbfun_press_release"
                ], 
                [
                    96, 
                    "kbfun_press_release", 
                    "kbfun_press_release"
                ], 
                [
                    97, 
                    "kbfun_press_release", 
                    "kbfun_press_release"
                ], 
                [
                    86, 
                    "kbfun_press_release", 
                    "kbfun_press_release"
                ], 
                [
                    0, 
                    "kbfun_transparent", 
                    "kbfun_transparent"
                ], 
                [
                    0, 
                    "kbfun_transparent", 
                    "kbfun_transparent"
                ], 
                [
                    0, 
                    "kbfun_transparent", 
                    "kbfun_transparent"
                ], 
                [
                    0, 
                    "kbfun_transparent", 
                    "kbfun_transparent"
                ], 
                [
                    0, 
                    "kbfun_transparent", 
                    "kbfun_transparent"
                ], 
                [
                    0, 
                    "kbfun_transparent", 
                    "kbfun_transparent"
                ], 
                [
                    0, 
                    "kbfun_transparent", 
                    "kbfun_transparent"
                ], 
                [
                    0, 
                    "kbfun_transparent", 
                    "kbfun_transparent"
                ], 
                [
                    3, 
                    "kbfun_layer_pop_numpad", 
                    "NULL"
                ], 
                [
                    0, 
                    "kbfun_transparent", 
                    "kbfun_transparent"
                ], 
                [
                    3, 
                    "kbfun_layer_pop_numpad", 
                    "NULL"
                ], 
                [
                    103, 
                    "kbfun_press_release", 
                    "kbfun_press_release"
                ], 
                [
                    84, 
                    "kbfun_press_release", 
                    "kbfun_press_release"
                ], 
                [
                    85, 
                    "kbfun_press_release", 
                    "kbfun_press_release"
                ], 
                [
                    0, 
                    "kbfun_transparent", 
                    "kbfun_transparent"
                ]
            ]
        ], 
        "matrix-positions": [
            "na", 
            "k01", 
            "k02", 
            "k03", 
            "k04", 
            "k05", 
            "k06", 
            "k07", 
            "k08", 
            "k09", 
            "k0A", 
            "k0B", 
            "k0C", 
            "na", 
            "k10", 
            "k11", 
            "k12", 
            "k13", 
            "k14", 
            "k15", 
            "k16", 
            "k17", 
            "k18", 
            "k19", 
            "k1A", 
            "k1B", 
            "k1C", 
            "k1D", 
            "k20", 
            "k21", 
            "k22", 
            "k23", 
            "k24", 
            "k25", 
            "k26", 
            "k27", 
            "k28", 
            "k29", 
            "k2A", 
            "k2B", 
            "k2C", 
            "k2D", 
            "k30", 
            "k31", 
            "k32", 
            "k33", 
            "k34", 
            "k35", 
            "na", 
            "na", 
            "k38", 
            "k39", 
            "k3A", 
            "k3B", 
            "k3C", 
            "k3D", 
            "k40", 
            "k41", 
            "k42", 
            "k43", 
            "k44", 
            "k45", 
            "k46", 
            "k47", 
            "k48", 
            "k49", 
            "k4A", 
            "k4B", 
            "k4C", 
            "k4D", 
            "k50", 
            "k51", 
            "k52", 
            "k53", 
            "k54", 
            "k55", 
            "k56", 
            "k57", 
            "k58", 
            "k59", 
            "k5A", 
            "k5B", 
            "k5C", 
            "k5D"
        ], 
        "physical-positions": [
            "k50", 
            "k51", 
            "k52", 
            "k53", 
            "k54", 
            "k55", 
            "k56", 
            "k40", 
            "k41", 
            "k42", 
            "k43", 
            "k44", 
            "k45", 
            "k46", 
            "k30", 
            "k31", 
            "k32", 
            "k33", 
            "k34", 
            "k35", 
            "k20", 
            "k21", 
            "k22", 
            "k23", 
            "k24", 
            "k25", 
            "k26", 
            "k10", 
            "k11", 
            "k12", 
            "k13", 
            "k14", 
            "k05", 
            "k06", 
            "k15", 
            "k16", 
            "k04", 
            "k03", 
            "k02", 
            "k01", 
            "k57", 
            "k58", 
            "k59", 
            "k5A", 
            "k5B", 
            "k5C", 
            "k5D", 
            "k47", 
            "k48", 
            "k49", 
            "k4A", 
            "k4B", 
            "k4C", 
            "k4D", 
            "k38", 
            "k39", 
            "k3A", 
            "k3B", 
            "k3C", 
            "k3D", 
            "k27", 
            "k28", 
            "k29", 
            "k2A", 
            "k2B", 
            "k2C", 
            "k2D", 
            "k19", 
            "k1A", 
            "k1B", 
            "k1C", 
            "k1D", 
            "k07", 
            "k08", 
            "k09", 
            "k17", 
            "k18", 
            "k0C", 
            "k0B", 
            "k0A"
        ]
    }, 
    "miscellaneous": {
        "git-commit-date": "2012-12-20 15:42:10 -0800", 
        "git-commit-id": "6c3a7951b18565eb8d31d9259fb5091e15b4cfa7", 
        "number-of-layers": 10
    }
}
